{"0": {"position": [58.351898, 11.947782, 0], "bandwidth": 79500000.0}, "1": {"position": [52.834, 6.379, 0], "bandwidth": 68250000.0}, "2": {"position": [31.767804, -106.435077, 0], "bandwidth": 78750000.0}, "3": {"position": [45.074, 7.5207, 0], "bandwidth": 79500000.0}, "4": {"position": [30.2578, -81.3972, 0], "bandwidth": 75000000.0}, "5": {"position": [56.027372, 12.593938, 0], "bandwidth": 73500000.0}, "6": {"position": [51.78, 18.057, 0], "bandwidth": 78750000.0}, "7": {"position": [40.274, -75.462, 0], "bandwidth": 80250000.0}, "8": {"position": [42.63968, -73.57149, 0], "bandwidth": 78000000.0}, "9": {"position": [43.147284, -70.926467, 0], "bandwidth": 80250000.0}, "10": {"position": [52.07, -2.026, 0], "bandwidth": 81750000.0}, "11": {"position": [32.97212, -96.79295, 0], "bandwidth": 77250000.0}, "12": {"position": [48.168584, 11.226905, 0], "bandwidth": 69000000.0}, "13": {"position": [10.663056, -61.523333, 0], "bandwidth": 70500000.0}, "14": {"position": [52.394544, 13.134125, 0], "bandwidth": 72750000.0}, "15": {"position": [39.768525, -105.019955, 0], "bandwidth": 75750000.0}, "16": {"position": [51.86, -1.0, 0], "bandwidth": 67500000.0}, "17": {"position": [48.267233, 11.670682, 0], "bandwidth": 64500000.0}, "18": {"position": [50.485, 4.85, 0], "bandwidth": 73500000.0}, "19": {"position": [38.988, -105.056, 0], "bandwidth": 66750000.0}, "20": {"position": [53.344, 14.873, 0], "bandwidth": 75000000.0}, "21": {"position": [52.996593, -2.195347, 0], "bandwidth": 76500000.0}, "22": {"position": [43.63957, -71.461288, 0], "bandwidth": 66750000.0}, "23": {"position": [49.342193, 8.6597418, 0], "bandwidth": 72750000.0}, "24": {"position": [38.880396, -77.462758, 0], "bandwidth": 82500000.0}, "25": {"position": [37.26, 22.5867, 0], "bandwidth": 72750000.0}, "26": {"position": [-34.55391, -58.466, 0], "bandwidth": 74250000.0}, "27": {"position": [33.323, -86.888, 0], "bandwidth": 77250000.0}, "28": {"position": [27.6772, 85.4394, 0], "bandwidth": 82500000.0}, "29": {"position": [42.50973365, -83.78566005, 0], "bandwidth": 60750000.00000001}, "30": {"position": [51.4622, 3.5884, 0], "bandwidth": 60750000.00000001}, "31": {"position": [-34.448, 138.383, 0], "bandwidth": 68250000.0}, "32": {"position": [47.094166, 9.900062, 0], "bandwidth": 79500000.0}, "33": {"position": [51.03618, 0.53604, 0], "bandwidth": 75750000.0}, "34": {"position": [53.340457, 15.05798, 0], "bandwidth": 75750000.0}, "35": {"position": [43.641937, 3.929062, 0], "bandwidth": 81750000.0}, "36": {"position": [42.31404, -71.44789, 0], "bandwidth": 72750000.0}, "37": {"position": [49.0466697, 17.5268075, 0], "bandwidth": 83250000.0}, "38": {"position": [1.3059352, 103.7815441, 0], "bandwidth": 76500000.0}, "39": {"position": [40.444, -3.953, 0], "bandwidth": 67500000.0}, "40": {"position": [37.254, -121.98, 0], "bandwidth": 68250000.0}, "41": {"position": [40.5169, -3.9204, 0], "bandwidth": 77250000.0}, "42": {"position": [40.569, -105.226, 0], "bandwidth": 66000000.0}, "43": {"position": [48.82742, 2.581849, 0], "bandwidth": 80250000.0}, "44": {"position": [46.5648791, 15.658313, 0], "bandwidth": 80250000.0}, "45": {"position": [43.3291148, 5.5972877, 0], "bandwidth": 60750000.00000001}, "46": {"position": [-37.8039908, 145.2380558, 0], "bandwidth": 73500000.0}, "47": {"position": [-34.650915, -58.64452, 0], "bandwidth": 71250000.0}, "48": {"position": [33.41991, -111.747113, 0], "bandwidth": 72000000.0}, "49": {"position": [60.2934, 25.0377, 0], "bandwidth": 85500000.0}, "50": {"position": [52.9813, -1.8243, 0], "bandwidth": 75000000.0}, "51": {"position": [40.586, -74.1571, 0], "bandwidth": 70500000.0}, "52": {"position": [55.83904, 12.39592, 0], "bandwidth": 74250000.0}, "53": {"position": [43.413, 24.618, 0], "bandwidth": 72750000.0}, "54": {"position": [14.746722, 121.03722, 0], "bandwidth": 72000000.0}, "55": {"position": [-26.709, 27.834, 0], "bandwidth": 60750000.00000001}, "56": {"position": [30.460547, -97.631224, 0], "bandwidth": 73500000.0}, "57": {"position": [52.369862, 16.67515, 0], "bandwidth": 78000000.0}, "58": {"position": [28.4540928, -16.4569088, 0], "bandwidth": 69750000.0}, "59": {"position": [-5.88, -35.17, 0], "bandwidth": 80250000.0}, "60": {"position": [49.175063, 16.959494, 0], "bandwidth": 71250000.0}, "61": {"position": [45.4198416667, -73.4649944444, 0], "bandwidth": 78750000.0}, "62": {"position": [43.789475, -1.402423, 0], "bandwidth": 73500000.0}, "63": {"position": [48.168584, 11.226905, 0], "bandwidth": 75750000.0}, "64": {"position": [48.80667, 2.229157, 0], "bandwidth": 75750000.0}, "65": {"position": [63.104573, 21.593208, 0], "bandwidth": 77250000.0}, "66": {"position": [37.989492, 23.787308, 0], "bandwidth": 72000000.0}, "67": {"position": [49.4348, -123.6685, 0], "bandwidth": 74250000.0}, "68": {"position": [37.9556463, 23.7199816, 0], "bandwidth": 64500000.0}, "69": {"position": [38.7708, -121.29, 0], "bandwidth": 69750000.0}, "70": {"position": [55.6142, -2.7947, 0], "bandwidth": 75000000.0}, "71": {"position": [45.49167, 12.24538, 0], "bandwidth": 75000000.0}, "72": {"position": [29.7527, -98.1452, 0], "bandwidth": 69750000.0}, "73": {"position": [38.90241, -84.28823, 0], "bandwidth": 72750000.0}, "74": {"position": [52.425842, 16.668924, 0], "bandwidth": 81750000.0}, "75": {"position": [51.253856, 4.784409, 0], "bandwidth": 68250000.0}, "76": {"position": [46.258282, 14.386951, 0], "bandwidth": 73500000.0}, "77": {"position": [-7.0204, 110.3958, 0], "bandwidth": 80250000.0}, "78": {"position": [42.667983, 23.373992, 0], "bandwidth": 66750000.0}, "79": {"position": [41.27, 1.99, 0], "bandwidth": 84749999.99999999}, "80": {"position": [42.4151, 23.1926, 0], "bandwidth": 78000000.0}, "81": {"position": [53.9469, 27.6053, 0], "bandwidth": 66000000.0}, "82": {"position": [55.763268, -2.011131, 0], "bandwidth": 80250000.0}, "83": {"position": [52.3792376653, 13.0658976431, 0], "bandwidth": 72750000.0}, "84": {"position": [-27.8635, 153.3152, 0], "bandwidth": 80250000.0}, "85": {"position": [49.563, -117.25, 0], "bandwidth": 94500000.0}, "86": {"position": [12.9586727, 77.7164128, 0], "bandwidth": 71250000.0}, "87": {"position": [48.804, 2.227, 0], "bandwidth": 79500000.0}, "88": {"position": [37.877866, -122.297466, 0], "bandwidth": 91500000.0}, "89": {"position": [37.978648, 23.673806, 0], "bandwidth": 66000000.0}, "90": {"position": [52.311, 7.231, 0], "bandwidth": 63750000.0}, "91": {"position": [44.286, -71.671, 0], "bandwidth": 82500000.0}, "92": {"position": [41.710697, -71.500082, 0], "bandwidth": 74250000.0}, "93": {"position": [-34.64539, -58.46166, 0], "bandwidth": 84000000.00000001}, "94": {"position": [-34.721, 138.693, 0], "bandwidth": 77250000.0}, "95": {"position": [34.12934, -84.513026, 0], "bandwidth": 72000000.0}, "96": {"position": [-34.48, -58.78, 0], "bandwidth": 81000000.0}, "97": {"position": [51.104298, 5.17646, 0], "bandwidth": 78750000.0}, "98": {"position": [48.02215583, 37.39081583, 0], "bandwidth": 68250000.0}, "99": {"position": [40.144, -75.5151961, 0], "bandwidth": 75750000.0}, "100": {"position": [38.022, 23.828, 0], "bandwidth": 66000000.0}, "101": {"position": [45.23872, 19.808679, 0], "bandwidth": 63750000.0}, "102": {"position": [59.2732, 17.7883, 0], "bandwidth": 90000000.0}, "103": {"position": [33.4637, -111.532, 0], "bandwidth": 66750000.0}, "104": {"position": [37.4262, -77.4877, 0], "bandwidth": 84000000.00000001}, "105": {"position": [29.1042, 48.125, 0], "bandwidth": 71250000.0}, "106": {"position": [55.941, -3.096, 0], "bandwidth": 81000000.0}, "107": {"position": [52.6947718, 5.1698275, 0], "bandwidth": 75000000.0}, "108": {"position": [59.334308, 18.39503, 0], "bandwidth": 89250000.0}, "109": {"position": [37.9556463, 23.7199816, 0], "bandwidth": 69750000.0}, "110": {"position": [37.600615, 126.864732, 0], "bandwidth": 81000000.0}, "111": {"position": [52.198, 5.408, 0], "bandwidth": 71250000.0}, "112": {"position": [53.451984, 10.221032, 0], "bandwidth": 77250000.0},